{
  "slides": [
    {
      "components": [
        {
          "src": "http://i.imgur.com/Xjx0HrU.png",
          "type": "Image",
          "x": 8,
          "y": 85,
          "scale": {
            "x": 1.0722635494155155,
            "y": 1.0722635494155155,
            "width": 1009.0000000000001,
            "height": 569.3719447396387
          },
          "imageType": "PNG",
          "selected": false
        }
      ],
      "z": 0,
      "impScale": 3,
      "rotateX": 0,
      "rotateY": 0,
      "rotateZ": 0,
      "index": 0,
      "selected": true,
      "active": true,
      "x": 180,
      "y": 180
    },
    {
      "components": [
        {
          "src": "http://i.imgur.com/Nxlo8qF.png",
          "type": "Image",
          "x": 1,
          "y": 77,
          "scale": {
            "x": 1.078723404255319,
            "y": 1.078723404255319,
            "width": 1014,
            "height": 571.7234042553191
          },
          "imageType": "PNG",
          "selected": false
        }
      ],
      "z": 0,
      "impScale": 3,
      "rotateX": 0,
      "rotateY": 0,
      "rotateZ": 0,
      "index": 1,
      "selected": false,
      "active": false,
      "x": 460,
      "y": 180
    },
    {
      "components": [
        {
          "src": "http://i.imgur.com/lcMsfn1.png",
          "type": "Image",
          "x": -3,
          "y": 47,
          "scale": {
            "x": 1.08839190628328,
            "y": 1.08839190628328,
            "width": 1022,
            "height": 576.8477103301384
          },
          "imageType": "PNG",
          "selected": false
        }
      ],
      "z": 0,
      "impScale": 3,
      "rotateX": 0,
      "rotateY": 0,
      "rotateZ": 0,
      "index": 2,
      "selected": false,
      "active": false,
      "x": 740,
      "y": 180
    },
    {
      "components": [
        {
          "src": "http://i.imgur.com/GpabPCN.png",
          "type": "Image",
          "x": -2,
          "y": 77,
          "scale": {
            "x": 1.0917822838847386,
            "y": 1.0917822838847386,
            "width": 1023.0000000000001,
            "height": 576.461045891142
          },
          "imageType": "PNG",
          "selected": false
        }
      ],
      "z": 0,
      "impScale": 3,
      "rotateX": 0,
      "rotateY": 0,
      "rotateZ": 0,
      "index": 3,
      "selected": false,
      "active": false,
      "x": 993,
      "y": 179
    },
    {
      "components": [
        {
          "src": "http://i.imgur.com/8CE6Zge.png",
          "type": "Image",
          "x": 1,
          "y": 63,
          "scale": {
            "x": 1.0919786096256685,
            "y": 1.0919786096256685,
            "width": 1021,
            "height": 575.4727272727273
          },
          "imageType": "PNG",
          "selected": false
        }
      ],
      "z": 0,
      "impScale": 3,
      "rotateX": 0,
      "rotateY": 0,
      "rotateZ": 0,
      "index": 4,
      "selected": false,
      "active": false,
      "x": 1239,
      "y": 181
    },
    {
      "components": [
        {
          "src": "http://i.imgur.com/ZTknmwy.png",
          "type": "Image",
          "x": 2,
          "y": 74,
          "scale": {
            "x": 1.0854700854700854,
            "y": 1.0854700854700854,
            "width": 1015.9999999999999,
            "height": 573.1282051282051
          },
          "imageType": "PNG",
          "selected": false
        }
      ],
      "z": 0,
      "impScale": 3,
      "rotateX": 0,
      "rotateY": 0,
      "rotateZ": 0,
      "index": 5,
      "selected": false,
      "active": false,
      "x": 1529,
      "y": 167
    },
    {
      "components": [
        {
          "src": "http://i.imgur.com/aBwnvge.png",
          "type": "Image",
          "x": 51,
          "y": 4,
          "scale": {
            "x": 1,
            "y": 1
          },
          "imageType": "PNG",
          "selected": false
        }
      ],
      "z": 0,
      "impScale": 3,
      "rotateX": 0,
      "rotateY": 0,
      "rotateZ": -0.49,
      "index": 6,
      "selected": false,
      "active": false,
      "x": 161,
      "y": 450
    },
    {
      "components": [
        {
          "src": "http://i.imgur.com/Pq305ur.png",
          "type": "Image",
          "x": 108,
          "y": 28,
          "scale": {
            "x": 1.3202054794520548,
            "y": 1.3202054794520548,
            "width": 771,
            "height": 708.9503424657535
          },
          "imageType": "PNG",
          "selected": false
        }
      ],
      "z": 0,
      "impScale": 3,
      "rotateX": 0,
      "rotateY": 0,
      "rotateZ": 0,
      "index": 7,
      "selected": false,
      "active": false,
      "x": 400,
      "y": 382
    },
    {
      "components": [
        {
          "src": "http://i.imgur.com/FtMb6mm.png",
          "type": "Image",
          "x": 83,
          "y": -33,
          "scale": {
            "x": 1,
            "y": 1
          },
          "imageType": "PNG",
          "selected": false
        }
      ],
      "z": 0,
      "impScale": 3,
      "rotateX": 0,
      "rotateY": 0,
      "rotateZ": 0.53,
      "index": 8,
      "selected": false,
      "active": false,
      "x": 652,
      "y": 447
    },
    {
      "components": [
        {
          "src": "http://i.imgur.com/fPMKqkC.png",
          "type": "Image",
          "x": 62,
          "y": 6,
          "scale": {
            "x": 0.6357039187227866,
            "y": 0.6357039187227866,
            "width": 876,
            "height": 779.3730043541365
          },
          "imageType": "PNG",
          "selected": false
        }
      ],
      "z": 0,
      "impScale": 5,
      "rotateX": 0,
      "rotateY": 0,
      "rotateZ": 0,
      "index": 9,
      "selected": false,
      "active": false,
      "x": 1002,
      "y": 607,
      "surface": "bg-surf-grad-darkgreen",
      "background": "bg-solid-light"
    },
    {
      "components": [
        {
          "src": "http://i.imgur.com/E8Cr3bs.png",
          "type": "Image",
          "x": 473,
          "y": 159,
          "scale": {
            "x": 1.2826086956521738,
            "y": 1.2826086956521738,
            "width": 472,
            "height": 397.6086956521739
          },
          "imageType": "PNG",
          "selected": false
        }
      ],
      "z": 0,
      "impScale": 3,
      "rotateX": 0,
      "rotateY": 0,
      "rotateZ": 0,
      "index": 10,
      "selected": false,
      "active": false,
      "x": 768,
      "y": 901
    },
    {
      "components": [
        {
          "src": "http://i.imgur.com/ujSoZpo.png",
          "type": "Image",
          "x": 252,
          "y": -7,
          "scale": {
            "x": 1,
            "y": 1
          },
          "imageType": "PNG",
          "selected": false
        },
        {
          "src": "http://i.imgur.com/P2aIhuA.png",
          "type": "Image",
          "x": 269,
          "y": 187,
          "scale": {
            "x": 1,
            "y": 1
          },
          "imageType": "PNG",
          "selected": false
        }
      ],
      "z": 0,
      "impScale": 3,
      "rotateX": 0,
      "rotateY": 0,
      "rotateZ": 0,
      "index": 11,
      "selected": false,
      "active": false,
      "x": 915,
      "y": 830
    },
    {
      "components": [
        {
          "src": "http://i.imgur.com/L1VL0m0.png",
          "type": "Image",
          "x": 289,
          "y": 14,
          "scale": {
            "x": 1,
            "y": 1
          },
          "imageType": "PNG",
          "selected": false
        }
      ],
      "z": 0,
      "impScale": 3,
      "rotateX": 0,
      "rotateY": 0,
      "rotateZ": 0,
      "index": 12,
      "selected": false,
      "active": false,
      "x": 911,
      "y": 974
    },
    {
      "components": [
        {
          "src": "http://i.imgur.com/jNX540W.png",
          "type": "Image",
          "x": 253,
          "y": 18,
          "scale": {
            "x": 1,
            "y": 1
          },
          "imageType": "PNG",
          "selected": false
        },
        {
          "TextBox": {},
          "x": 3,
          "y": 327,
          "scale": {
            "x": 1,
            "y": 1
          },
          "type": "TextBox",
          "size": 24,
          "text": "<font face=\"Lato\" color=\"#000000\">___________________________</font>",
          "selected": false
        }
      ],
      "z": 0,
      "impScale": 3,
      "rotateX": 0,
      "rotateY": 0,
      "rotateZ": 0,
      "index": 13,
      "selected": false,
      "active": false,
      "x": 1069,
      "y": 895
    },
    {
      "components": [
        {
          "src": "http://i.imgur.com/4kiMm5R.png",
          "type": "Image",
          "x": 7,
          "y": 27,
          "scale": {
            "x": 0.5752658086177952,
            "y": 0.5752658086177952,
            "width": 1028,
            "height": 705.2758813654169
          },
          "imageType": "PNG",
          "selected": false
        }
      ],
      "z": 0,
      "impScale": 5,
      "rotateX": 0,
      "rotateY": 0,
      "rotateZ": 0,
      "index": 14,
      "selected": false,
      "active": false,
      "x": 1520,
      "y": 605,
      "background": "bg-solid-salmon",
      "surface": "bg-surf-grad-darkgreen"
    },
    {
      "components": [
        {
          "src": "http://i.imgur.com/mEU97kH.png",
          "type": "Image",
          "x": 423,
          "y": -22,
          "scale": {
            "x": 1,
            "y": 1
          },
          "imageType": "PNG",
          "selected": false
        }
      ],
      "z": 0,
      "impScale": 3,
      "rotateX": 0,
      "rotateY": 0,
      "rotateZ": 0,
      "index": 15,
      "selected": false,
      "active": false,
      "x": 1436,
      "y": 871
    },
    {
      "components": [
        {
          "src": "http://i.imgur.com/k5Io8uU.png",
          "type": "Image",
          "x": 12,
          "y": 278,
          "scale": {
            "x": 1,
            "y": 1
          },
          "imageType": "PNG",
          "selected": false
        }
      ],
      "z": 0,
      "impScale": 3,
      "rotateX": 0,
      "rotateY": 0,
      "rotateZ": 0,
      "index": 16,
      "selected": false,
      "active": false,
      "x": 1653,
      "y": 815
    },
    {
      "components": [
        {
          "src": "http://i.imgur.com/M482I1U.png",
          "type": "Image",
          "x": 157,
          "y": 19,
          "scale": {
            "x": 1,
            "y": 1
          },
          "imageType": "PNG",
          "selected": false
        }
      ],
      "z": 0,
      "impScale": 3,
      "rotateX": 0,
      "rotateY": 0,
      "rotateZ": 0,
      "index": 17,
      "selected": false,
      "active": false,
      "x": 1653,
      "y": 944
    },
    {
      "components": [
        {
          "src": "http://i.imgur.com/KgS9Ugx.png",
          "type": "Image",
          "x": 131,
          "y": 9,
          "scale": {
            "x": 0.46876895087932086,
            "y": 0.46876895087932086,
            "width": 773.0000000000001,
            "height": 760.3432383262584
          },
          "imageType": "PNG",
          "selected": false
        }
      ],
      "z": 0,
      "impScale": 5,
      "rotateX": 0,
      "rotateY": 0,
      "rotateZ": 0,
      "index": 18,
      "selected": false,
      "active": false,
      "x": 372,
      "y": 654,
      "background": "bg-solid-smoke",
      "surface": "bg-surf-grad-darkgreen"
    },
    {
      "components": [
        {
          "src": "http://i.imgur.com/DbvHYes.png",
          "type": "Image",
          "x": -273,
          "y": 48,
          "scale": {
            "x": 1,
            "y": 1
          },
          "imageType": "PNG",
          "selected": false
        }
      ],
      "z": 0,
      "impScale": 3,
      "rotateX": 0,
      "rotateY": 0,
      "rotateZ": 0,
      "index": 19,
      "selected": false,
      "active": false,
      "x": 334,
      "y": 837
    },
    {
      "components": [
        {
          "src": "http://i.imgur.com/VknsFme.png",
          "type": "Image",
          "x": 30,
          "y": 96,
          "scale": {
            "x": 1,
            "y": 1
          },
          "imageType": "PNG",
          "selected": false
        }
      ],
      "z": 0,
      "impScale": 3,
      "rotateX": 0,
      "rotateY": 0,
      "rotateZ": 0,
      "index": 20,
      "selected": false,
      "active": false,
      "x": 324,
      "y": 928
    },
    {
      "components": [
        {
          "src": "http://i.imgur.com/qsolqaQ.png",
          "type": "Image",
          "x": -63,
          "y": 43,
          "scale": {
            "x": 1,
            "y": 1
          },
          "imageType": "PNG",
          "selected": false
        }
      ],
      "z": 0,
      "impScale": 3,
      "rotateX": 0,
      "rotateY": 0,
      "rotateZ": 0,
      "index": 21,
      "selected": false,
      "active": false,
      "x": 320,
      "y": 1033
    },
    {
      "components": [
        {
          "src": "http://i.imgur.com/ISxd4bF.png",
          "type": "Image",
          "x": 311,
          "y": 11,
          "scale": {
            "x": 0.3083735909822866,
            "y": 0.3083735909822866,
            "width": 383,
            "height": 770.317230273752
          },
          "imageType": "PNG",
          "selected": false
        }
      ],
      "z": 0,
      "impScale": 5,
      "rotateX": 0,
      "rotateY": 0,
      "rotateZ": 0,
      "index": 22,
      "selected": false,
      "active": false,
      "x": 315,
      "y": 1233,
      "background": "bg-solid-light",
      "surface": "bg-surf-grad-darkgreen"
    },
    {
      "components": [
        {
          "src": "http://i.imgur.com/oBwSC5o.png",
          "type": "Image",
          "x": -85,
          "y": 8,
          "scale": {
            "x": 1,
            "y": 1
          },
          "imageType": "PNG",
          "selected": false
        }
      ],
      "z": 0,
      "impScale": 3,
      "rotateX": 0,
      "rotateY": 0,
      "rotateZ": 0,
      "index": 23,
      "selected": false,
      "active": false,
      "x": 310,
      "y": 1440
    },
    {
      "components": [
        {
          "src": "http://i.imgur.com/Sdj5ebN.png",
          "type": "Image",
          "x": -122,
          "y": 3,
          "scale": {
            "x": 1,
            "y": 1
          },
          "imageType": "PNG",
          "selected": false
        }
      ],
      "z": 0,
      "impScale": 3,
      "rotateX": 0,
      "rotateY": 0,
      "rotateZ": 0,
      "index": 24,
      "selected": false,
      "active": false,
      "x": 318,
      "y": 1561
    },
    {
      "components": [
        {
          "src": "http://i.imgur.com/ebaLeN2.png",
          "type": "Image",
          "x": -130,
          "y": -17,
          "scale": {
            "x": 1,
            "y": 1
          },
          "imageType": "PNG",
          "selected": false
        }
      ],
      "z": 0,
      "impScale": 3,
      "rotateX": 0,
      "rotateY": 0,
      "rotateZ": 0,
      "index": 25,
      "selected": false,
      "active": false,
      "x": 320,
      "y": 1709
    },
    {
      "components": [
        {
          "src": "http://i.imgur.com/Ty9RIwQ.png",
          "type": "Image",
          "x": 4,
          "y": 91,
          "scale": {
            "x": 0.3769885312615612,
            "y": 0.3769885312615612,
            "width": 1018.9999999999999,
            "height": 589.2330743618202
          },
          "imageType": "PNG",
          "selected": false
        }
      ],
      "z": 0,
      "impScale": 5,
      "rotateX": 0,
      "rotateY": 0,
      "rotateZ": 0,
      "index": 26,
      "selected": false,
      "active": false,
      "x": 943,
      "y": 1209,
      "background": "bg-solid-light",
      "surface": "bg-surf-grad-darkgreen"
    },
    {
      "components": [
        {
          "src": "http://i.imgur.com/UZ946GO.png",
          "type": "Image",
          "x": -37,
          "y": -19,
          "scale": {
            "x": 1,
            "y": 1
          },
          "imageType": "PNG",
          "selected": false
        }
      ],
      "z": 0,
      "impScale": 3,
      "rotateX": 0,
      "rotateY": 0,
      "rotateZ": 0,
      "index": 27,
      "selected": false,
      "active": false,
      "x": 790,
      "y": 1441
    },
    {
      "components": [
        {
          "src": "http://i.imgur.com/HrOWwHa.png",
          "type": "Image",
          "x": 65,
          "y": -16,
          "scale": {
            "x": 1,
            "y": 1
          },
          "imageType": "PNG",
          "selected": false
        }
      ],
      "z": 0,
      "impScale": 3,
      "rotateX": 0,
      "rotateY": 0,
      "rotateZ": 0,
      "index": 28,
      "selected": false,
      "active": false,
      "x": 999,
      "y": 1439
    },
    {
      "components": [
        {
          "src": "http://i.imgur.com/GBiL0xC.png",
          "type": "Image",
          "x": 21,
          "y": -78,
          "scale": {
            "x": 1,
            "y": 1
          },
          "imageType": "PNG",
          "selected": false
        }
      ],
      "z": 0,
      "impScale": 3,
      "rotateX": 0,
      "rotateY": 0,
      "rotateZ": 0,
      "index": 29,
      "selected": false,
      "active": false,
      "x": 1184,
      "y": 1449
    },
    {
      "components": [
        {
          "src": "http://i.imgur.com/yLoutFm.png",
          "type": "Image",
          "x": 208,
          "y": 3,
          "scale": {
            "x": 1,
            "y": 1
          },
          "imageType": "PNG",
          "selected": false
        }
      ],
      "z": 0,
      "impScale": 3,
      "rotateX": 0,
      "rotateY": 0,
      "rotateZ": 0,
      "index": 30,
      "selected": false,
      "active": false,
      "x": 714,
      "y": 1584
    },
    {
      "components": [
        {
          "src": "http://i.imgur.com/eYs8Q2j.png",
          "type": "Image",
          "x": -38,
          "y": 11,
          "scale": {
            "x": 1,
            "y": 1
          },
          "imageType": "PNG",
          "selected": false
        }
      ],
      "z": 0,
      "impScale": 3,
      "rotateX": 0,
      "rotateY": 0,
      "rotateZ": 0,
      "index": 31,
      "selected": false,
      "active": false,
      "x": 888,
      "y": 1581
    },
    {
      "components": [
        {
          "src": "http://i.imgur.com/O4lTTXI.png",
          "type": "Image",
          "x": 250,
          "y": 43,
          "scale": {
            "x": 0.43394495412844036,
            "y": 0.43394495412844036,
            "width": 473,
            "height": 726.8577981651376
          },
          "imageType": "PNG",
          "selected": false
        }
      ],
      "z": 0,
      "impScale": 5,
      "rotateX": 0,
      "rotateY": 0,
      "rotateZ": 0,
      "index": 32,
      "selected": false,
      "active": false,
      "x": 1712,
      "y": 1211,
      "background": "bg-solid-light",
      "surface": "bg-surf-grad-darkgreen"
    },
    {
      "components": [
        {
          "src": "http://i.imgur.com/DIcolLl.png",
          "type": "Image",
          "x": -21,
          "y": 311,
          "scale": {
            "x": 1,
            "y": 1
          },
          "imageType": "PNG",
          "selected": false
        }
      ],
      "z": 0,
      "impScale": 3,
      "rotateX": 0,
      "rotateY": 0,
      "rotateZ": 0,
      "index": 33,
      "selected": false,
      "active": false,
      "x": 1760,
      "y": 1376
    },
    {
      "components": [
        {
          "src": "http://i.imgur.com/Y7R3ahA.png",
          "type": "Image",
          "x": 495,
          "y": 60,
          "scale": {
            "x": 1,
            "y": 1
          },
          "imageType": "PNG",
          "selected": false
        }
      ],
      "z": 0,
      "impScale": 3,
      "rotateX": 0,
      "rotateY": 0,
      "rotateZ": 0,
      "index": 34,
      "selected": false,
      "active": false,
      "x": 1646,
      "y": 1481
    },
    {
      "components": [
        {
          "src": "http://i.imgur.com/0h3w6Lk.png",
          "type": "Image",
          "x": 165,
          "y": 0,
          "scale": {
            "x": 1,
            "y": 1
          },
          "imageType": "PNG",
          "selected": false
        },
        {
          "TextBox": {},
          "x": 21,
          "y": 343,
          "scale": {
            "x": 1,
            "y": 1
          },
          "type": "TextBox",
          "size": 24,
          "text": "<font color=\"#000000\" face=\"Lato\">_______________</font><br>",
          "selected": false
        }
      ],
      "z": 0,
      "impScale": 3,
      "rotateX": 0,
      "rotateY": 0,
      "rotateZ": 0,
      "index": 35,
      "selected": false,
      "active": false,
      "x": 1828,
      "y": 1491
    },
    {
      "components": [
        {
          "src": "http://i.imgur.com/ZzNC1x3.png",
          "type": "Image",
          "x": 17,
          "y": 21,
          "scale": {
            "x": 1,
            "y": 1
          },
          "imageType": "PNG",
          "selected": false
        }
      ],
      "z": 0,
      "impScale": 3,
      "rotateX": 0,
      "rotateY": 0,
      "rotateZ": 0,
      "index": 36,
      "selected": false,
      "active": false,
      "x": 1763,
      "y": 1633
    },
    {
      "components": [
        {
          "src": "http://i.imgur.com/rp7fa4w.png",
          "type": "Image",
          "x": 54,
          "y": 4,
          "scale": {
            "x": 0.6613394216133942,
            "y": 0.6613394216133942,
            "width": 869,
            "height": 734.748097412481
          },
          "imageType": "PNG",
          "selected": false
        }
      ],
      "z": 0,
      "impScale": 5,
      "rotateX": 0,
      "rotateY": 0,
      "rotateZ": 0,
      "index": 37,
      "selected": false,
      "active": false,
      "x": 2351,
      "y": 1130,
      "background": "bg-solid-light",
      "surface": "bg-surf-grad-darkgreen"
    },
    {
      "components": [
        {
          "src": "http://i.imgur.com/QMKPhqN.png",
          "type": "Image",
          "x": 184,
          "y": 133,
          "scale": {
            "x": 1,
            "y": 1
          },
          "imageType": "PNG",
          "selected": false
        }
      ],
      "z": 0,
      "impScale": 3,
      "rotateX": 0,
      "rotateY": 0,
      "rotateZ": 0,
      "index": 38,
      "selected": false,
      "active": false,
      "x": 2346,
      "y": 1376
    },
    {
      "components": [
        {
          "src": "http://i.imgur.com/numo7G7.png",
          "type": "Image",
          "x": -41,
          "y": 37,
          "scale": {
            "x": 1,
            "y": 1
          },
          "imageType": "PNG",
          "selected": false
        }
      ],
      "z": 0,
      "impScale": 3,
      "rotateX": 0,
      "rotateY": 0,
      "rotateZ": 0,
      "index": 39,
      "selected": false,
      "active": false,
      "x": 2435,
      "y": 1495
    },
    {
      "components": [
        {
          "src": "http://i.imgur.com/r0Nuj4S.png",
          "type": "Image",
          "x": -31,
          "y": 24,
          "scale": {
            "x": 0.7888243831640058,
            "y": 0.7888243831640058,
            "width": 1087,
            "height": 709.1531204644413
          },
          "imageType": "PNG",
          "selected": false
        }
      ],
      "z": 0,
      "impScale": 3,
      "rotateX": 0,
      "rotateY": 0,
      "rotateZ": 0,
      "index": 40,
      "selected": false,
      "active": false,
      "x": 2904,
      "y": 1300,
      "surface": "bg-surf-grad-darkgreen",
      "background": "bg-solid-light"
    },
    {
      "components": [
        {
          "src": "http://i.imgur.com/68rAUk2.png",
          "type": "Image",
          "x": 211,
          "y": 24,
          "scale": {
            "x": 0.7029063509149623,
            "y": 0.7029063509149623,
            "width": 653,
            "height": 731.7255113024758
          },
          "imageType": "PNG",
          "selected": false
        }
      ],
      "z": 0,
      "impScale": 5,
      "rotateX": 0,
      "rotateY": 0,
      "rotateZ": 0,
      "index": 41,
      "selected": false,
      "active": false,
      "x": 3371,
      "y": 1028,
      "background": "bg-solid-light",
      "surface": "bg-surf-grad-darkgreen"
    },
    {
      "components": [
        {
          "src": "http://i.imgur.com/EpWiG0Q.png",
          "type": "Image",
          "x": 103,
          "y": 68,
          "scale": {
            "x": 1,
            "y": 1
          },
          "imageType": "PNG",
          "selected": false
        }
      ],
      "z": 0,
      "impScale": 3,
      "rotateX": 0,
      "rotateY": 0,
      "rotateZ": 0,
      "index": 42,
      "selected": false,
      "active": false,
      "x": 3404,
      "y": 1262
    },
    {
      "components": [
        {
          "src": "http://i.imgur.com/X7owVt5.png",
          "type": "Image",
          "x": 54,
          "y": 60,
          "scale": {
            "x": 1,
            "y": 1
          },
          "imageType": "PNG",
          "selected": false
        }
      ],
      "z": 0,
      "impScale": 3,
      "rotateX": 0,
      "rotateY": 0,
      "rotateZ": 0,
      "index": 43,
      "selected": false,
      "active": false,
      "x": 3415,
      "y": 1360
    },
    {
      "components": [
        {
          "src": "http://i.imgur.com/F4NIFxS.png",
          "type": "Image",
          "x": 70,
          "y": 9,
          "scale": {
            "x": 0.7639405204460966,
            "y": 0.7639405204460966,
            "width": 822,
            "height": 772.3438661710037
          },
          "imageType": "PNG",
          "selected": false
        }
      ],
      "z": 0,
      "impScale": 5,
      "rotateX": 0,
      "rotateY": 0,
      "rotateZ": 0,
      "index": 44,
      "selected": false,
      "active": false,
      "x": 3881,
      "y": 1006,
      "background": "bg-solid-light",
      "surface": "bg-surf-grad-darkgreen"
    },
    {
      "components": [
        {
          "src": "http://i.imgur.com/4qohIED.png",
          "type": "Image",
          "x": 197,
          "y": 160,
          "scale": {
            "x": 1,
            "y": 1
          },
          "imageType": "PNG",
          "selected": false
        }
      ],
      "z": 0,
      "impScale": 3,
      "rotateX": 0,
      "rotateY": 0,
      "rotateZ": 0,
      "index": 45,
      "selected": false,
      "active": false,
      "x": 3909,
      "y": 1221
    },
    {
      "components": [
        {
          "src": "http://i.imgur.com/CXpSOaq.png",
          "type": "Image",
          "x": -39,
          "y": 49,
          "scale": {
            "x": 1,
            "y": 1
          },
          "imageType": "PNG",
          "selected": false
        }
      ],
      "z": 0,
      "impScale": 3,
      "rotateX": 0,
      "rotateY": 0,
      "rotateZ": 0,
      "index": 46,
      "selected": false,
      "active": false,
      "x": 3891,
      "y": 1325
    },
    {
      "components": [
        {
          "src": "http://i.imgur.com/LHGYalA.png",
          "type": "Image",
          "x": -2,
          "y": 88,
          "scale": {
            "x": 1.1007502679528403,
            "y": 1.1007502679528403,
            "width": 1027,
            "height": 576.7931404072883
          },
          "imageType": "PNG",
          "selected": false
        }
      ],
      "z": 0,
      "impScale": 1,
      "rotateX": 0,
      "rotateY": 0,
      "rotateZ": -0.56,
      "index": 47,
      "selected": false,
      "active": false,
      "x": 4323,
      "y": 1266
    },
    {
      "components": [
        {
          "src": "http://i.imgur.com/7bursII.png",
          "type": "Image",
          "x": -2,
          "y": 104,
          "scale": {
            "x": 1.0909090909090908,
            "y": 1.0909090909090908,
            "width": 1019.9999999999999,
            "height": 577.090909090909
          },
          "imageType": "PNG",
          "selected": false
        }
      ],
      "z": 0,
      "impScale": 3,
      "rotateX": 0,
      "rotateY": 0,
      "rotateZ": 0.32,
      "index": 48,
      "selected": false,
      "active": false,
      "x": 4511,
      "y": 1257,
      "surface": "bg-surf-grad-light"
    }
  ],
  "activeSlide": {
    "components": [
      {
        "src": "http://i.imgur.com/Xjx0HrU.png",
        "type": "Image",
        "x": 8,
        "y": 85,
        "scale": {
          "x": 1.0722635494155155,
          "y": 1.0722635494155155,
          "width": 1009.0000000000001,
          "height": 569.3719447396387
        },
        "imageType": "PNG",
        "selected": false
      }
    ],
    "z": 0,
    "impScale": 3,
    "rotateX": 0,
    "rotateY": 0,
    "rotateZ": 0,
    "index": 0,
    "selected": true,
    "active": true,
    "x": 180,
    "y": 180
  },
  "fileName": "presentation-2",
  "customStylesheet": "/*.example {\n\tborder: 4px groove orange;\n}*/",
  "deckVersion": "1.0",
  "customBackgrounds": {
    "bgs": []
  },
  "overviewX": 2336,
  "overviewY": 938
}